<employees>
    <employee id="111">
        <firstName>Lokesh</firstName>
        <lastName>Gupta</lastName>
        <location>India</location>
        <mobile>8987676565</mobile>
    </employee>
    <employee id="222">
        <firstName>Alex</firstName>
        <lastName>Gussin</lastName>
        <location>Russia</location>
        <mobile>8987676565</mobile>
    </employee>
    <employee id="333">
        <firstName>David</firstName>
        <lastName>Feezor</lastName>
        <location>USA</location>
        <mobile>8987676565</mobile>
    </employee>
</employees>
